{
  "dgs10": 4.02,
  "dgs3mo": 3.68,
  "dgs2": 3.42,
  "cpi_yoy": 2.83,
  "cpi_yoy_6m_ago": 2.68,
  "unrate": 4.3,
  "unrate_6m_ago": 4.1,
  "nfci": -0.56294,
  "baa10y": 1.73,
  "timestamp": "2026-03-02T10:00:46.916824",
  "data_source": "fred"
}